{
  "Energy Submit" : {
    "transaction" : "Energy Submit",
    "sampleCount" : 50,
    "errorCount" : 2,
    "errorPct" : 4.0,
    "meanResTime" : 2405.12,
    "medianResTime" : 2544.0,
    "minResTime" : 187.0,
    "maxResTime" : 2566.0,
    "pct1ResTime" : 2561.9,
    "pct2ResTime" : 2562.9,
    "pct3ResTime" : 2566.0,
    "throughput" : 0.527687777695693,
    "receivedKBytesPerSec" : 0.7162021749970977,
    "sentKBytesPerSec" : 0.24148930310913638
  },
  "Total" : {
    "transaction" : "Total",
    "sampleCount" : 200,
    "errorCount" : 32,
    "errorPct" : 16.0,
    "meanResTime" : 739.8449999999997,
    "medianResTime" : 189.0,
    "minResTime" : 160.0,
    "maxResTime" : 2566.0,
    "pct1ResTime" : 2549.0,
    "pct2ResTime" : 2554.95,
    "pct3ResTime" : 2563.98,
    "throughput" : 2.027616131713944,
    "receivedKBytesPerSec" : 8.556361867383766,
    "sentKBytesPerSec" : 0.468777325295525
  },
  "Energy Verify" : {
    "transaction" : "Energy Verify",
    "sampleCount" : 30,
    "errorCount" : 30,
    "errorPct" : 100.0,
    "meanResTime" : 196.43333333333334,
    "medianResTime" : 197.0,
    "minResTime" : 178.0,
    "maxResTime" : 214.0,
    "pct1ResTime" : 206.9,
    "pct2ResTime" : 211.8,
    "pct3ResTime" : 214.0,
    "throughput" : 0.32750734162290807,
    "receivedKBytesPerSec" : 0.6777227118153732,
    "sentKBytesPerSec" : 0.09251655958996081
  },
  "Energy Query" : {
    "transaction" : "Energy Query",
    "sampleCount" : 120,
    "errorCount" : 0,
    "errorPct" : 0.0,
    "meanResTime" : 181.83333333333326,
    "medianResTime" : 181.0,
    "minResTime" : 160.0,
    "maxResTime" : 218.0,
    "pct1ResTime" : 196.0,
    "pct2ResTime" : 201.95,
    "pct3ResTime" : 216.94999999999996,
    "throughput" : 1.7482262787546803,
    "receivedKBytesPerSec" : 10.40252966976734,
    "sentKBytesPerSec" : 0.21682103261898863
  }
}